order_id,customer_id,order_date,status,shipping_country
O0001,C040,2026-01-03,completed,
O0002,C027,2026-01-03,completed,DE
O0003,C017,2026-01-03,cancelled,ES
O0004,C017,2026-01-04,completed,ES
O0005,C017,2026-01-05,completed,IT
O0006,C033,2026-01-05,completed,ES
O0007,C013,2026-01-06,completed,ES
O0008,C007,2026-01-06,completed,ES
O0009,C014,2026-01-06,completed,ES
O0010,C001,2026-01-06,completed,ES
O0011,C005,2026-01-08,completed,ES
O0012,C004 ,2026-01-08,completed,ES
O0013,C031,2026-01-08,completed,ES
O0014,C029,2026-01-09,completed,FR
O0015,C028,2026-01-10,completed,FR
O0016,C019,2026-01-10,completed,ES
O0017,C029,2026-01-10,completed,ES
O0018,C007,2026-01-10,completed,ES
O0019,C037,2026-01-10,completed,
O0020,C021,2026-01-11,completed,DE
O0021,C038,2026-01-11,completed,ES
O0022,C007,2026-01-11,cancelled,ES
O0023,C020,2026-01-11,completed,ES
O0024,C028,2026-01-13,completed,ES
O0025,C020,2026-01-13,completed,FR
O0026,C018,2026-01-13,completed,ES
O0027,C007,2026-01-13,completed,ES
O0028,C016,2026-01-13,completed,ES
O0029,C010,2026-01-14,completed,ES
O0030,C013,2026-01-14,cancelled,ES
O0031,C028,2026-01-14,completed,DE
O0032,C026,2026-01-14,completed,ES
O0033,C025,2026-01-14,completed,IT
O0034,C015,2026-01-15,cancelled,ES
O0035,C039,2026-01-15,completed,DE
O0036,C004,2026-01-15,completed,IT
O0037,C014,2026-01-16,completed,IT
O0038,C005,2026-01-16,cancelled,DE
O0039,C014,2026-01-16,completed,DE
O0040,C039 ,2026-01-16,completed,
O0041,C015,2026-01-17,completed,DE
O0042,C037,2026-01-17,completed,ES
O0043,C020,2026-01-18,completed,ES
O0044,C028,2026-01-20,completed,ES
O0045,C019,2026-01-20,completed,DE
O0046,C011,2026-01-21,completed,ES
O0047,C031,2026-01-21,completed,ES
O0048,C039,2026-01-22,completed,FR
O0049,C011,2026-01-22,completed,ES
O0050,C032,2026-01-22,completed,ES
O0051,C011,2026-01-22,cancelled,ES
O0052,C029,2026-01-22,completed,ES
O0053,C032,2026-01-23,completed,ES
O0054,C018,2026-01-23,completed,ES
O0055,C030,2026-01-23,completed,ES
O0056,C011,2026-01-23,completed,ES
O0057,C004,2026-01-23,completed,ES
O0058,C004,2026-01-24,completed,
O0059,C018,2026-01-24,completed,ES
O0060,C037,2026-01-25,completed,IT
O0061,C006,2026-01-25,completed,IT
O0062,C019,2026-01-25,cancelled,ES
O0063,C029,2026-01-25,completed,ES
O0064,C009,2026-01-26,completed,ES
O0065,C029,2026-01-26,completed,DE
O0066,C013,2026-01-27,completed,FR
O0067,C033,2026-01-28,completed,DE
O0068,C024,2026-01-28,completed,ES
O0069,C022,2026-01-28,completed,FR
O0070,C008,2026-01-29,completed,ES
O0071,C019,2026-01-29,completed,FR
O0072,C035,2026-01-31,completed,ES
O0073,C001,2026-01-31,completed,FR
O0074,C031 ,2026-02-01,completed,DE
O0075,C020,2026-02-01,completed,ES
O0076,C029,2026-02-03,completed,
O0077,C027,2026-02-03,completed,ES
O0078,C018,2026-02-05,completed,FR
O0079,C013,2026-02-05,cancelled,ES
O0080,C026,2026-02-07,completed,IT
O0081,C006,2026-02-07,completed,ES
O0082,C024,2026-02-07,completed,IT
O0083,C004,2026-02-07,completed,DE
O0084,C026,2026-02-08,cancelled,FR
O0085,C026,2026-02-08,completed,DE
O0086,C004,2026-02-08,cancelled,DE
O0087,C031,2026-02-09,completed,IT
O0088,C017,2026-02-09,completed,ES
O0089,C032,2026-02-09,completed,FR
O0090,C002,2026-02-11,completed,ES
O0091,C008,2026-02-11,completed,FR
O0092,C020,2026-02-11,completed,ES
O0093,C008,2026-02-11,cancelled,FR
O0094,C014,2026-02-13,completed,FR
O0095,C027,2026-02-15,cancelled,ES
O0096,C006,2026-02-15,completed,ES
O0097,C028,2026-02-17,completed,DE
O0098,C005,2026-02-17,completed,
O0099,C008,2026-02-17,completed,ES
O0100,C024,2026-02-17,completed,FR
O0101,C032,2026-02-17,completed,IT
O0102,C007 ,2026-02-18,completed,ES
O0103,C012,2026-02-18,completed,ES
O0104,C038,2026-02-18,completed,ES
O0105,C040,2026-02-18,completed,FR
O0106,C024,2026-02-20,completed,ES
O0107,C018,2026-02-21,completed,DE
O0108,C014,2026-02-21,completed,FR
O0109,C025,2026-02-21,completed,ES
O0110,C024,2026-02-21,completed,DE
O0111,C012,2026-02-23,completed,DE
O0112,C001,2026-02-23,completed,ES
O0113,C007,2026-02-25,completed,ES
O0114,C039,2026-02-25,completed,ES
O0115,C017,2026-02-26,completed,ES
O0116,C020,2026-02-26,completed,ES
O0117,C019,2026-02-27,completed,IT
O0118,C032,2026-02-27,completed,ES
O0119,C003,2026-02-27,completed,ES
O0120,C004,2026-02-27,completed,FR
