order_id,product_id,quantity,unit_price,discount
O0001,P012,3,59.9,0.1
O0002,P010,1,19.95,0.2
O0002,P001,3,59.9,0.0
O0002,P020,1,59.9,0.05
O0003,P003,2,24.9,0.05
O0004,P001,1,19.95,0.1
O0004,P009,1,59.9,0.0
O0004,P010,1,14.5,0.1
O0005,P016,2,9.99,0.2
O0005,P001,3,39.0,0.1
O0005,P006,1,9.99,0.2
O0006,P014,1,24.9,0.0
O0007,P018,3,9.99,0.0
O0007,P010,1,59.9,0.0
O0007,P016,1,59.9,0.05
O0008,P001,1,9.99,0.0
O0008,P017,2,59.9,0.0
O0008,P017,1,59.9,0.0
O0008,P014,3,59.9,0.1
O0009,P017,3,39.0,0.0
O0009,P017,2,14.5,0.0
O0009,P014,2,24.9,0.05
O0009,P015,1,59.9,0.0
O0010,P015,1,14.5,0.0
O0010,P002,3,24.9,0.05
O0010,P020,2,9.99,0.05
O0010,P001,1,14.5,0.05
O0011,P009,1,19.95,0.0
O0011,P002,2,59.9,0.0
O0011,P011,3,14.5,0.0
O0011,P013,2,9.99,0.1
O0012,P007,2,24.9,0.05
O0012,P006,2,19.95,0.0
O0012,P019,2,24.9,0.0
O0013,P010,1,9.99,0.0
O0013,P019,1,9.99,0.0
O0013,P007,3,24.9,0.05
O0013,P020,2,9.99,0.0
O0014,P019,2,24.9,0.0
O0014,P007,1,19.95,0.0
O0015,P005,1,24.9,0.0
O0016,P015,2,24.9,0.05
O0016,P013,1,14.5,0.0
O0016,P016,1,19.95,0.05
O0017,P008,3,24.9,0.05
O0017,P012,3,9.99,0.0
O0017,P019,3,24.9,0.1
O0018,P007,2,59.9,0.0
O0019,P003,1,9.99,0.1
O0020,P002,1,14.5,0.0
O0020,P010,1,39.0,0.05
O0020,P007,3,9.99,0.1
O0020,P015,3,19.95,0.0
O0021,P005,2,39.0,0.0
O0021,P003,2,59.9,0.2
O0022,P016,2,14.5,0.05
O0022,P003,3,39.0,0.05
O0023,P007,1,39.0,0.0
O0023,P005,2,9.99,0.0
O0024,P017,3,59.9,0.0
O0024,P005,3,39.0,0.0
O0025,P011,2,59.9,0.0
O0025,P008,3,39.0,0.0
O0025,P010,2,59.9,0.0
O0025,P004,1,59.9,0.0
O0026,P005,1,14.5,0.0
O0026,P020,2,39.0,0.0
O0026,P010,1,14.5,0.1
O0027,P013,2,24.9,0.05
O0027,P016,3,24.9,0.0
O0027,P002,3,24.9,0.0
O0027,P019,3,14.5,0.1
O0028,P014,3,19.95,0.1
O0028,P011,1,24.9,0.1
O0029,P007,2,19.95,0.0
O0029,P011,1,9.99,0.1
O0030,P013,2,19.95,0.0
O0030,P004,1,14.5,0.0
O0031,P019,3,19.95,0.0
O0031,P003,2,24.9,0.0
O0031,P001,1,39.0,0.05
O0032,P020,3,24.9,0.0
O0032,P020,3,24.9,0.05
O0032,P019,1,59.9,0.1
O0033,P018,1,9.99,0.05
O0033,P017,2,24.9,0.05
O0034,P009,3,9.99,0.0
O0034,P020,3,39.0,0.05
O0034,P013,2,9.99,0.0
O0035,P011,3,59.9,0.2
O0036,P018,2,14.5,0.0
O0036,P020,1,39.0,0.0
O0037,P012,2,39.0,0.1
O0038,P017,1,9.99,0.0
O0038,P020,1,19.95,0.05
O0039,P016,3,24.9,0.1
O0040,P015,3,19.95,0.0
O0040,P017,3,14.5,0.05
O0040,P005,3,19.95,0.0
O0040,P001,1,39.0,0.0
O0041,P009,3,59.9,0.05
O0041,P006,1,19.95,0.0
O0041,P018,3,59.9,0.0
O0041,P015,2,19.95,0.0
O0042,P011,3,59.9,0.0
O0042,P004,3,19.95,0.05
O0043,P017,2,59.9,0.0
O0043,P016,2,24.9,0.0
O0044,P004,3,59.9,0.0
O0045,P002,2,19.95,0.0
O0045,P019,2,9.99,0.0
O0045,P002,1,19.95,0.0
O0046,P007,2,59.9,0.0
O0047,P009,2,59.9,0.1
O0047,P020,2,24.9,0.0
O0047,P007,3,19.95,0.0
O0048,P018,3,14.5,0.05
O0049,P005,2,24.9,0.0
O0049,P014,3,14.5,0.0
O0049,P004,1,19.95,0.0
O0050,P002,2,14.5,0.1
O0050,P016,2,19.95,0.0
O0050,P019,3,24.9,0.1
O0050,P014,3,59.9,0.1
O0051,P004,1,24.9,0.0
O0051,P009,2,14.5,0.0
O0052,P019,2,9.99,0.2
O0052,P001,3,9.99,0.0
O0052,P002,1,24.9,0.0
O0052,P002,1,24.9,0.0
O0053,P002,3,9.99,0.0
O0054,P002,3,39.0,0.0
O0054,P020,1,19.95,0.0
O0054,P008,1,9.99,0.0
O0054,P009,3,9.99,0.0
O0055,P006,2,9.99,0.0
O0056,P012,3,19.95,0.0
O0056,P017,1,14.5,0.0
O0057,P010,3,39.0,0.0
O0057,P015,1,14.5,0.0
O0057,P019,2,19.95,0.05
O0057,P004,1,24.9,0.0
O0058,P001,3,9.99,0.0
O0059,P017,1,9.99,0.05
O0060,P010,1,9.99,0.0
O0061,P014,3,19.95,0.1
O0061,P001,2,24.9,0.0
O0061,P018,3,59.9,0.0
O0062,P005,3,24.9,0.05
O0062,P010,3,59.9,0.0
O0062,P015,3,9.99,0.1
O0062,P007,1,24.9,0.0
O0063,P009,2,14.5,0.0
O0063,P018,1,39.0,0.0
O0063,P007,3,9.99,0.05
O0064,P015,1,39.0,0.0
O0064,P003,3,9.99,0.0
O0064,P012,3,9.99,0.05
O0064,P002,1,39.0,0.2
O0065,P006,1,59.9,0.2
O0065,P001,2,24.9,0.0
O0065,P012,3,9.99,0.0
O0066,P004,2,14.5,0.0
O0066,P006,2,24.9,0.0
O0066,P007,2,59.9,0.0
O0066,P017,1,24.9,0.0
O0067,P018,3,14.5,0.05
O0067,P004,2,24.9,0.05
O0067,P008,2,39.0,0.0
O0067,P006,3,39.0,0.0
O0068,P019,2,59.9,0.1
O0068,P001,2,24.9,0.0
O0068,P019,1,39.0,0.0
O0068,P018,1,39.0,0.0
O0069,P020,1,14.5,0.0
O0069,P019,3,59.9,0.0
O0070,P007,2,59.9,0.1
O0070,P015,2,19.95,0.0
O0070,P002,3,24.9,0.1
O0070,P015,3,24.9,0.0
O0071,P019,3,59.9,0.1
O0071,P011,1,9.99,0.05
O0071,P005,2,9.99,0.2
O0071,P020,2,39.0,0.1
O0072,P013,2,24.9,0.05
O0072,P007,2,24.9,0.0
O0072,P001,2,24.9,0.0
O0073,P002,1,19.95,0.0
O0073,P008,3,9.99,0.0
O0073,P007,3,9.99,0.2
O0073,P007,3,14.5,0.0
O0074,P016,2,59.9,0.0
O0074,P010,1,59.9,0.0
O0075,P002,2,19.95,0.0
O0076,P001,2,9.99,0.05
O0076,P020,3,19.95,0.0
O0077,P006,1,14.5,0.1
O0078,P018,3,59.9,0.2
O0078,P013,3,19.95,0.0
O0079,P009,1,59.9,0.0
O0079,P007,2,9.99,0.1
O0079,P015,2,19.95,0.0
O0079,P011,1,14.5,0.0
O0080,P018,2,24.9,0.05
O0081,P006,3,19.95,0.0
O0081,P003,3,9.99,0.0
O0081,P016,2,59.9,0.0
O0082,P018,3,9.99,0.0
O0083,P017,2,14.5,0.0
O0084,P009,1,14.5,0.05
O0085,P018,2,59.9,0.0
O0086,P011,3,14.5,0.0
O0086,P006,1,9.99,0.1
O0086,P019,1,39.0,0.0
O0087,P010,2,24.9,0.0
O0087,P017,2,19.95,0.0
O0088,P004,3,9.99,0.2
O0089,P003,1,19.95,0.0
O0089,P012,1,14.5,0.0
O0090,P003,1,59.9,0.0
O0090,P019,2,9.99,0.0
O0091,P011,2,24.9,0.2
O0091,P004,1,39.0,0.05
O0092,P010,3,9.99,0.1
O0092,P014,2,24.9,0.0
O0093,P002,3,24.9,0.1
O0094,P013,3,39.0,0.1
O0094,P005,2,19.95,0.05
O0094,P016,1,24.9,0.0
O0095,P018,1,19.95,0.0
O0095,P010,2,9.99,0.05
O0095,P010,2,9.99,0.0
O0095,P019,2,39.0,0.0
O0096,P014,2,24.9,0.0
O0096,P013,3,24.9,0.0
O0097,P002,3,59.9,0.0
O0097,P017,3,19.95,0.1
O0098,P015,1,59.9,0.0
O0098,P016,2,14.5,0.1
O0098,P007,3,19.95,0.05
O0099,P009,3,24.9,0.05
O0099,P012,2,39.0,0.0
O0100,P004,2,19.95,0.0
O0100,P007,2,19.95,0.0
O0100,P017,1,14.5,0.05
O0100,P014,3,24.9,0.0
O0101,P007,3,14.5,0.1
O0101,P019,3,39.0,0.05
O0101,P005,1,9.99,0.0
O0101,P016,1,14.5,0.05
O0102,P019,3,39.0,0.0
O0102,P005,2,39.0,0.2
O0103,P013,3,14.5,0.05
O0103,P002,1,39.0,0.0
O0103,P020,2,39.0,0.0
O0104,P009,3,59.9,0.05
O0104,P008,2,14.5,0.1
O0104,P019,1,14.5,0.0
O0105,P010,2,24.9,0.0
O0105,P017,1,19.95,0.1
O0105,P019,1,59.9,0.2
O0106,P015,3,39.0,0.1
O0107,P010,2,19.95,0.0
O0108,P013,2,14.5,0.0
O0108,P010,2,19.95,0.0
O0108,P009,2,39.0,0.1
O0109,P004,2,9.99,0.0
O0109,P010,3,9.99,0.0
O0109,P017,3,39.0,0.0
O0110,P008,2,59.9,0.0
O0111,P004,1,19.95,0.05
O0111,P018,3,14.5,0.0
O0111,P020,3,9.99,0.1
O0111,P005,1,19.95,0.05
O0112,P010,1,39.0,0.0
O0112,P017,1,19.95,0.0
O0112,P005,2,14.5,0.05
O0112,P014,1,59.9,0.2
O0113,P011,1,9.99,0.05
O0114,P020,1,14.5,0.0
O0115,P009,1,9.99,0.05
O0116,P008,1,39.0,0.1
O0116,P019,3,59.9,0.0
O0116,P009,1,39.0,0.1
O0116,P004,2,14.5,0.0
O0117,P012,3,59.9,0.0
O0117,P002,1,24.9,0.0
O0117,P011,1,14.5,0.0
O0117,P001,3,39.0,0.0
O0118,P014,3,39.0,0.0
O0118,P001,1,9.99,0.1
O0119,P012,2,19.95,0.0
O0119,P017,2,19.95,0.05
O0119,P012,1,14.5,0.0
O0119,P016,2,39.0,0.0
O0120,P008,2,14.5,0.0
O0120,P013,3,59.9,0.0
